"DESCRIPTION","DURATION IN MS","NAME","PARENT SUITE","START TIME","STATUS","STOP TIME","SUB SUITE","SUITE","TEST CLASS","TEST METHOD"
"","810","Ошибка входа: пустой логин","tests.ui","2026-10-06","passed","2026-10-06","TestLoginErrors","test_login","",""
"","52","Комментарии поста 1 соответствуют контракту","tests.api","2026-10-06","passed","2026-10-06","TestComments","test_comments","",""
"","295","Сортировка: по названию Z→A","tests.ui","2026-10-06","passed","2026-10-06","TestSorting","test_inventory","",""
"","81","Комментарии поста 100 соответствуют контракту","tests.api","2026-10-06","passed","2026-10-06","TestComments","test_comments","",""
"","216","«Cancel» на шаге данных покупателя возвращает в корзину","tests.ui","2026-10-06","passed","2026-10-06","TestCheckoutValidation","test_checkout","",""
"","754","Ошибка входа: логин в другом регистре","tests.ui","2026-10-06","passed","2026-10-06","TestLoginErrors","test_login","",""
"","15","Несуществующий пост (id=0) возвращает 404","tests.api","2026-10-06","passed","2026-10-06","TestGetPosts","test_posts","",""
"","425","Ошибка входа: логин в другом регистре","tests.ui","2026-10-06","passed","2026-10-06","TestLoginErrors","test_login","",""
"","20","Список пользователей соответствует контракту","tests.api","2026-10-06","passed","2026-10-06","TestUsers","test_users","",""
"","425","«Continue Shopping» возвращает в каталог с сохранением корзины","tests.ui","2026-10-06","passed","2026-10-06","TestCart","test_cart","",""
"","470","Сортировка: по цене по убыванию","tests.ui","2026-10-06","passed","2026-10-06","TestSorting","test_inventory","",""
"","341","Сортировка: по цене по возрастанию","tests.ui","2026-10-06","passed","2026-10-06","TestSorting","test_inventory","",""
"","692","Страница каталога без входа недоступна","tests.ui","2026-10-06","passed","2026-10-06","TestLoginErrors","test_login","",""
"","614","Не заполнено поле: имя","tests.ui","2026-10-06","passed","2026-10-06","TestCheckoutValidation","test_checkout","",""
"","542","Не заполнено поле: фамилия","tests.ui","2026-10-06","passed","2026-10-06","TestCheckoutValidation","test_checkout","",""
"","819","Страница каталога без входа недоступна","tests.ui","2026-10-06","passed","2026-10-06","TestLoginErrors","test_login","",""
"","49","Фильтрация постов по userId=5","tests.api","2026-10-06","passed","2026-10-06","TestGetPosts","test_posts","",""
"","24","Несуществующий пост (id=101) возвращает 404","tests.api","2026-10-06","passed","2026-10-06","TestGetPosts","test_posts","",""
"","133","В каталоге отображаются все товары с ценами","tests.ui","2026-10-06","passed","2026-10-06","TestCatalog","test_inventory","",""
"","1078","Ошибка входа: заблокированный пользователь","tests.ui","2026-10-06","passed","2026-10-06","TestLoginErrors","test_login","",""
"","744","Счётчик корзины считает несколько товаров","tests.ui","2026-10-06","passed","2026-10-06","TestCart","test_cart","",""
"","18","Фильтрация постов по userId=1","tests.api","2026-10-06","passed","2026-10-06","TestGetPosts","test_posts","",""
"","958","Сквозной сценарий: от каталога до оформленного заказа","tests.ui","2026-10-06","passed","2026-10-06","TestPurchase","test_checkout","",""
"","779","Ошибка входа: пустой пароль","tests.ui","2026-10-06","passed","2026-10-06","TestLoginErrors","test_login","",""
"","99","POST /posts создаёт пост","tests.api","2026-10-06","passed","2026-10-06","TestModifyPosts","test_posts","",""
"","713","Ошибка входа: неверный пароль","tests.ui","2026-10-06","passed","2026-10-06","TestLoginErrors","test_login","",""
"","324","Добавленный товар появляется в корзине","tests.ui","2026-10-06","passed","2026-10-06","TestCart","test_cart","",""
"","25","Фильтрация постов по userId=10","tests.api","2026-10-06","passed","2026-10-06","TestGetPosts","test_posts","",""
"","64","Фильтр задач по статусу completed=True","tests.api","2026-10-06","passed","2026-10-06","TestTodos","test_users","",""
"","719","Ошибка входа: несуществующий пользователь","tests.ui","2026-10-06","passed","2026-10-06","TestLoginErrors","test_login","",""
"","341","Сортировка: по названию A→Z","tests.ui","2026-10-06","passed","2026-10-06","TestSorting","test_inventory","",""
"","868","Итоговая сумма = товары + налог 8%","tests.ui","2026-10-06","passed","2026-10-06","TestPurchase","test_checkout","",""
"","89","Всего 500 комментариев с уникальными id","tests.api","2026-10-06","passed","2026-10-06","TestComments","test_comments","",""
"","32","Пост по id соответствует контракту","tests.api","2026-10-06","passed","2026-10-06","TestGetPosts","test_posts","",""
"","562","Удаление товара из каталога обновляет счётчик","tests.ui","2026-10-06","passed","2026-10-06","TestCart","test_cart","",""
"","56","Комментарии поста 50 соответствуют контракту","tests.api","2026-10-06","passed","2026-10-06","TestComments","test_comments","",""
"","102","Фильтр задач по статусу completed=False","tests.api","2026-10-06","passed","2026-10-06","TestTodos","test_users","",""
"","830","Выход из аккаунта возвращает на страницу входа","tests.ui","2026-10-06","passed","2026-10-06","TestSuccessfulLogin","test_login","",""
"","199","«Cancel» на шаге данных покупателя возвращает в корзину","tests.ui","2026-10-06","passed","2026-10-06","TestCheckoutValidation","test_checkout","",""
"","575","Удаление последнего товара на странице корзины очищает её","tests.ui","2026-10-06","passed","2026-10-06","TestCart","test_cart","",""
"","825","Ошибка входа: заблокированный пользователь","tests.ui","2026-10-06","passed","2026-10-06","TestLoginErrors","test_login","",""
"","391","Удаление последнего товара на странице корзины очищает её","tests.ui","2026-10-06","passed","2026-10-06","TestCart","test_cart","",""
"","566","Не заполнено поле: имя","tests.ui","2026-10-06","passed","2026-10-06","TestCheckoutValidation","test_checkout","",""
"","637","Вход стандартного пользователя","tests.ui","2026-10-06","passed","2026-10-06","TestSuccessfulLogin","test_login","",""
"","880","Вход стандартного пользователя","tests.ui","2026-10-06","passed","2026-10-06","TestSuccessfulLogin","test_login","",""
"","891","Итоговая сумма = товары + налог 8%","tests.ui","2026-10-06","passed","2026-10-06","TestPurchase","test_checkout","",""
"","56","Несуществующий пользователь возвращает 404","tests.api","2026-10-06","passed","2026-10-06","TestUsers","test_users","",""
"","554","Карточка товара показывает те же данные, что и каталог","tests.ui","2026-10-06","passed","2026-10-06","TestCatalog","test_inventory","",""
"","17","Профиль пользователя 1 соответствует контракту","tests.api","2026-10-06","passed","2026-10-06","TestUsers","test_users","",""
"","747","Счётчик корзины считает несколько товаров","tests.ui","2026-10-06","passed","2026-10-06","TestCart","test_cart","",""
"","687","Ошибка входа: несуществующий пользователь","tests.ui","2026-10-06","passed","2026-10-06","TestLoginErrors","test_login","",""
"","55","PATCH /posts/1 меняет только переданное поле","tests.api","2026-10-06","passed","2026-10-06","TestModifyPosts","test_posts","",""
"","723","Ошибка входа: пустой логин","tests.ui","2026-10-06","passed","2026-10-06","TestLoginErrors","test_login","",""
"","1194","Выход из аккаунта возвращает на страницу входа","tests.ui","2026-10-06","passed","2026-10-06","TestSuccessfulLogin","test_login","",""
"","124","В каталоге отображаются все товары с ценами","tests.ui","2026-10-06","passed","2026-10-06","TestCatalog","test_inventory","",""
"","48","Задачи пользователя 7 соответствуют контракту","tests.api","2026-10-06","passed","2026-10-06","TestTodos","test_users","",""
"","550","Добавленный товар появляется в корзине","tests.ui","2026-10-06","passed","2026-10-06","TestCart","test_cart","",""
"","904","Корзина сохраняется после перезагрузки страницы","tests.ui","2026-10-06","passed","2026-10-06","TestCart","test_cart","",""
"","22","Список постов соответствует контракту","tests.api","2026-10-06","passed","2026-10-06","TestGetPosts","test_posts","",""
"","19","Несуществующий пост (id=99999) возвращает 404","tests.api","2026-10-06","passed","2026-10-06","TestGetPosts","test_posts","",""
"","600","«Continue Shopping» возвращает в каталог с сохранением корзины","tests.ui","2026-10-06","passed","2026-10-06","TestCart","test_cart","",""
"","19","Задачи пользователя 1 соответствуют контракту","tests.api","2026-10-06","passed","2026-10-06","TestTodos","test_users","",""
"","352","Сортировка: по цене по убыванию","tests.ui","2026-10-06","passed","2026-10-06","TestSorting","test_inventory","",""
"","19","Профиль пользователя 10 соответствует контракту","tests.api","2026-10-06","passed","2026-10-06","TestUsers","test_users","",""
"","15","Фильтр по несуществующему пользователю возвращает пустой список","tests.api","2026-10-06","passed","2026-10-06","TestGetPosts","test_posts","",""
"","369","Сортировка: по названию A→Z","tests.ui","2026-10-06","passed","2026-10-06","TestSorting","test_inventory","",""
"","423","Удаление товара из каталога обновляет счётчик","tests.ui","2026-10-06","passed","2026-10-06","TestCart","test_cart","",""
"","376","Карточка товара показывает те же данные, что и каталог","tests.ui","2026-10-06","passed","2026-10-06","TestCatalog","test_inventory","",""
"","370","Сортировка: по названию Z→A","tests.ui","2026-10-06","passed","2026-10-06","TestSorting","test_inventory","",""
"","757","Не заполнено поле: индекс","tests.ui","2026-10-06","passed","2026-10-06","TestCheckoutValidation","test_checkout","",""
"","1382","Корзина сохраняется после перезагрузки страницы","tests.ui","2026-10-06","passed","2026-10-06","TestCart","test_cart","",""
"","88","DELETE /posts/1 удаляет пост","tests.api","2026-10-06","passed","2026-10-06","TestModifyPosts","test_posts","",""
"","431","Не заполнено поле: фамилия","tests.ui","2026-10-06","passed","2026-10-06","TestCheckoutValidation","test_checkout","",""
"JSONPlaceholder не валидирует тело запроса. Тест фиксирует это поведение: если API начнёт валидацию, тест упадёт и сообщит об изменении контракта.","44","POST /posts с пустым телом создаёт пост только с id","tests.api","2026-10-06","passed","2026-10-06","TestModifyPosts","test_posts","",""
"","36","Вложенный маршрут и фильтр по postId возвращают одинаковые данные","tests.api","2026-10-06","passed","2026-10-06","TestComments","test_comments","",""
"","635","Не заполнено поле: индекс","tests.ui","2026-10-06","passed","2026-10-06","TestCheckoutValidation","test_checkout","",""
"","45","PUT /posts/1 полностью заменяет пост","tests.api","2026-10-06","passed","2026-10-06","TestModifyPosts","test_posts","",""
"","346","Сортировка: по цене по возрастанию","tests.ui","2026-10-06","passed","2026-10-06","TestSorting","test_inventory","",""
"","784","Ошибка входа: неверный пароль","tests.ui","2026-10-06","passed","2026-10-06","TestLoginErrors","test_login","",""
"","634","Ошибка входа: пустой пароль","tests.ui","2026-10-06","passed","2026-10-06","TestLoginErrors","test_login","",""
"","939","Сквозной сценарий: от каталога до оформленного заказа","tests.ui","2026-10-06","passed","2026-10-06","TestPurchase","test_checkout","",""
